<monitor>
    <name>GearmanMonitor</name>
    <type>managed</type>
    <description>Gearman monitor</description>
    <monitor-configuration></monitor-configuration>
    <monitor-run-task>
        <execution-style>periodic</execution-style>
        <execution-frequency-in-seconds>60</execution-frequency-in-seconds>
        <name>Gearman Monitor Run Task</name>
        <display-name>Gearman Monitor Task</display-name>
        <description>Gearman Monitor Task</description>
        <type>java</type>
        <execution-timeout-in-secs>60</execution-timeout-in-secs>
        <task-arguments>
            <!-- config file-->
            <argument name="config-file" is-required="true" default-value="monitors/GearmanMonitor/config.yml" />
            <argument name="log-prefix" is-required="false" default-value="[GearmanAppDExt] " />
        </task-arguments>
        <java-task>
            <classpath>gearman-monitoring-extension.jar</classpath>
            <impl-class>com.appdynamics.extensions.gearman.GearmanMonitor</impl-class>
        </java-task>
    </monitor-run-task>
</monitor>